,Cellular_organisms,Euk_Archaea,Euk+Bac,Eukaryota,Opisthokonta,Eumetazoa,Protostomia,modeAge,NumDBsContributing,NumDBsFiltered,entropy,NodeError,Bimodality,HGT_flag
A3RK86,0.0,0.0,0.33333333333299997,0.222222222222,0.111111111111,0.222222222222,0.111111111111,Euk+Bac,9,0,1.5229550675299999,4.38888888889,1.4675324675299999,False
A5H659,0.666666666667,0.0,0.166666666667,0.166666666667,0.0,0.0,0.0,Cellular_organisms,12,0,0.8675632284810001,0.939393939394,0.133333333333,False
A5H660,0.444444444444,0.0,0.222222222222,0.0,0.33333333333299997,0.0,0.0,Cellular_organisms,9,0,1.06085694716,2.5,2.8125,True
A9CBJ4,0.0,0.0,0.0,0.888888888889,0.111111111111,0.0,0.0,Eukaryota,9,0,0.34883209584299996,0.833333333333,0.444444444444,False
B8Y6H2,0.0,0.0,0.0,0.4,0.0,0.6,0.0,Eumetazoa,10,0,0.6730116670090001,1.95555555556,0.0952380952381,False
B8Y6H3,0.0,0.0,0.0,0.0,0.0,1.0,0.0,Eumetazoa,1,1,-0.0,0.0,,False
C0L926,0.1,0.0,0.3,0.0,0.0,0.5,0.1,Eumetazoa,10,0,1.16828245018,4.48888888889,-0.33333333333299997,False
C1LZ83,0.0,0.0,0.0,0.846153846154,0.0,0.0769230769231,0.0769230769231,Eukaryota,13,0,0.5359610497089999,1.58974358974,0.47619047618999993,False
C1LZB6,0.0,0.0,0.0,0.0,0.0,1.0,0.0,Eumetazoa,8,1,-0.0,1.11111111111,-0.222222222222,False
C1LZF2,0.0,0.0,0.0,0.0,0.666666666667,0.33333333333299997,0.0,Opisthokonta,3,0,0.636514168295,0.666666666667,,False
C1LZT1,0.0,0.0,0.0,0.636363636364,0.181818181818,0.181818181818,0.0,Eukaryota,11,1,0.907535294105,2.40909090909,-0.288888888889,False
C1LZY4,0.0,0.0,0.0,1.0,0.0,0.0,0.0,Eukaryota,4,1,-0.0,0.8,-0.5,False
C1LZY5,0.0,0.0,0.0,0.0,0.0,1.0,0.0,Eumetazoa,1,1,-0.0,1.0,,False
C1LZY8,0.0,0.0,0.0,0.0,0.272727272727,0.545454545455,0.181818181818,Eumetazoa,11,1,0.994923632572,1.74242424242,0.0777777777778,False
C1LZY9,0.0769230769231,0.0,0.0769230769231,0.769230769231,0.0769230769231,0.0,0.0,Eukaryota,13,0,0.793730055158,1.25641025641,-0.0912698412698,False
C1LZZ0,0.0,0.0,0.0,0.0,0.0,0.0,1.0,Protostomia,1,0,-0.0,None,,False
C1LZZ2,0.0,0.0,0.0,0.0,0.0,1.0,0.0,Eumetazoa,4,0,-0.0,0.0,0.0,False
C1LZZ3,0.0,0.0,0.0,0.0,0.0,0.0,1.0,Protostomia,1,1,-0.0,1.0,,False
C1M000,0.0,0.0,0.0,0.8571428571430001,0.0,0.14285714285700002,0.0,Eukaryota,7,0,0.410116318288,2.0,0.388888888889,False
C1M001,0.0,0.0,0.0,1.0,0.0,0.0,0.0,Eukaryota,7,0,-0.0,0.571428571429,0.0277777777778,False
C1M002,0.0,0.0,0.0,1.0,0.0,0.0,0.0,Eukaryota,11,0,-0.0,0.327272727273,-0.06,False
C1M042,0.0,0.0,0.0,1.0,0.0,0.0,0.0,Eukaryota,1,0,-0.0,None,,False
C1M044,0.0,0.0,0.125,0.0,0.0,0.625,0.25,Eumetazoa,8,1,0.900256051269,3.61111111111,-0.475,False
C1M053,0.0,0.0,0.0,0.0,0.0,0.0,1.0,Protostomia,1,0,-0.0,None,,False
C1M093,0.125,0.0,0.875,0.0,0.0,0.0,0.0,Euk+Bac,8,1,0.37677016125600005,0.0,0.0,False
C1M0J1,0.0,0.545454545455,0.0,0.45454545454499995,0.0,0.0,0.0,Euk_Archaea,11,0,0.689009238477,1.05454545455,-0.111111111111,False
C1M0K9,0.0,0.0,0.5,0.25,0.25,0.0,0.0,Euk+Bac,4,1,1.0397207708399998,3.0,-1.25,False
C1M0L0,0.0,0.0,0.0,0.0,0.0,1.0,0.0,Eumetazoa,8,1,-0.0,0.666666666667,0.1875,False
C1M0L1,0.0,0.0,0.0,0.0,0.0,1.0,0.0,Eumetazoa,4,0,-0.0,0.666666666667,1.0,False
C1M0Q0,0.23076923076900002,0.0,0.0,0.692307692308,0.0,0.0769230769231,0.0,Eukaryota,13,0,0.790267968075,1.66666666667,0.412698412698,False
C1M0Q1,0.166666666667,0.0,0.25,0.5,0.08333333333330001,0.0,0.0,Eukaryota,12,0,1.1988493129100002,1.56060606061,0.0230414746544,False
C1M0Q2,0.444444444444,0.0,0.0,0.444444444444,0.0,0.111111111111,0.0,Cellular_organisms,9,0,0.9649629230069999,2.72222222222,1.2727272727299999,True
C1M0Q3,0.0,0.0,0.416666666667,0.33333333333299997,0.166666666667,0.08333333333330001,0.0,Euk+Bac,12,0,1.2366848691399999,3.24242424242,1.6666666666699999,False
C1M0Q4,0.0,0.0,0.0,0.28571428571400004,0.0,0.714285714286,0.0,Eumetazoa,7,0,0.598269588585,2.47619047619,-0.336363636364,False
C1M0Q9,0.0,0.0,0.0,0.875,0.0,0.125,0.0,Eukaryota,8,0,0.37677016125600005,1.82142857143,-0.5625,False
C1M0R0,0.0,0.0,0.0,0.875,0.0,0.125,0.0,Eukaryota,8,0,0.37677016125600005,1.78571428571,-0.791666666667,False
C1M0R1,0.0,0.0,0.0,1.0,0.0,0.0,0.0,Eukaryota,3,1,-0.0,1.5,,False
C1M0V8,0.0,0.0,0.0,0.6,0.0,0.4,0.0,Eukaryota,5,1,0.6730116670090001,2.46666666667,-1.0,False
C1M0W4,0.0,0.0,0.0,1.0,0.0,0.0,0.0,Eukaryota,13,0,-0.0,0.282051282051,0.111111111111,False
C1M0Z0,0.0,0.0,0.0,0.0,0.0909090909091,0.909090909091,0.0,Eumetazoa,11,1,0.304636097349,0.909090909091,0.132718894009,False
C1M100,0.0,0.0,0.0,0.0,0.0,1.0,0.0,Eumetazoa,1,1,-0.0,5.0,,False
C1M129,0.0,0.0,0.5,0.33333333333299997,0.166666666667,0.0,0.0,Euk+Bac,6,0,1.0114042647100001,2.8,,False
C1M142,0.0,0.0,0.0,0.916666666667,0.0,0.0,0.08333333333330001,Eukaryota,12,0,0.286835983056,1.48484848485,0.610138248848,False
C1M169,0.0,0.0,1.0,0.0,0.0,0.0,0.0,Euk+Bac,12,1,-0.0,0.0,0.0,True
C1M1H8,0.0,0.0,0.0,1.0,0.0,0.0,0.0,Eukaryota,9,0,-0.0,0.555555555556,0.25974025974,False
C1M254,0.0,0.0,0.25,0.75,0.0,0.0,0.0,Eukaryota,8,0,0.562335144619,1.10714285714,0.05641025641030001,True
C1M255,0.0,0.0,0.0,0.0,0.0,1.0,0.0,Eumetazoa,1,1,-0.0,5.0,,False
C1M257,0.0,0.0,0.0,0.0,0.0,1.0,0.0,Eumetazoa,2,1,-0.0,4.0,-1.5,False
C1M263,0.0,0.0,0.0,1.0,0.0,0.0,0.0,Eukaryota,4,1,-0.0,0.8,,False
C1M264,0.0,0.0,0.181818181818,0.0909090909091,0.45454545454499995,0.272727272727,0.0,Opisthokonta,11,0,1.2406842919499999,3.05454545455,0.179894179894,False
C1M270,0.0,0.0,0.0,1.0,0.0,0.0,0.0,Eukaryota,11,1,-0.0,0.818181818182,0.0333333333333,False
C1M295,0.0,0.0,0.0,0.33333333333299997,0.0,0.666666666667,0.0,Eumetazoa,3,1,0.636514168295,4.0,,False
C1M2I0,0.0,0.0,0.0,0.33333333333299997,0.0,0.666666666667,0.0,Eumetazoa,3,1,0.636514168295,4.83333333333,,False
C1M2M7,0.0,0.0,0.0,0.916666666667,0.0,0.08333333333330001,0.0,Eukaryota,12,1,0.286835983056,1.07692307692,0.19444444444400003,False
C1M2Q9,0.0,0.0,0.0,0.0,0.0,1.0,0.0,Eumetazoa,1,1,-0.0,5.0,,False
C1M2R3,0.0,0.0,0.0,0.0,0.0,1.0,0.0,Eumetazoa,2,1,-0.0,3.33333333333,,False
C1M2S7,0.08333333333330001,0.0,0.583333333333,0.33333333333299997,0.0,0.0,0.0,Euk+Bac,12,0,0.887694275799,1.13636363636,0.06666666666669999,False
C1M2T7,0.0,0.0,0.5,0.5,0.0,0.0,0.0,Euk+Bac,4,1,0.6931471805600001,1.8,0.75,False
C1M2T8,0.0,0.0,0.8,0.2,0.0,0.0,0.0,Euk+Bac,5,1,0.500402423538,1.0,-0.6,False
C1M2T9,0.0,0.0,0.0,0.0,0.14285714285700002,0.8571428571430001,0.0,Eumetazoa,7,0,0.410116318288,0.571428571429,0.8181818181820001,False
C4PXA6,0.5,0.25,0.0,0.25,0.0,0.0,0.0,Cellular_organisms,8,1,1.0397207708399998,0.944444444444,-0.25974025974,False
C4PY08,0.0,0.0,0.0,0.0,0.0,0.909090909091,0.0909090909091,Eumetazoa,11,1,0.304636097349,0.469696969697,-0.08755760368660001,False
C4PY87,0.0,0.0,0.0,0.0,0.545454545455,0.45454545454499995,0.0,Opisthokonta,11,1,0.689009238477,1.56060606061,1.33333333333,False
C4PY91,0.0,0.0,0.0,1.0,0.0,0.0,0.0,Eukaryota,12,1,-0.0,0.615384615385,0.00793650793651,False
C4PY92,0.0,0.0,0.0,0.0,0.0,1.0,0.0,Eumetazoa,1,1,-0.0,5.0,,False
C4PYC2,0.0,0.0,0.0,0.0,0.0,0.0,1.0,Protostomia,2,2,-0.0,1.16666666667,1.0,False
C4PYI6,0.636363636364,0.0,0.181818181818,0.181818181818,0.0,0.0,0.0,Cellular_organisms,11,0,0.907535294105,0.836363636364,0.8425925925929999,True
C4PYP8,0.0,0.0,0.0,0.833333333333,0.08333333333330001,0.0,0.08333333333330001,Eukaryota,12,1,0.56608573896,1.89743589744,0.119047619048,False
C4PYV8,0.0,0.0,0.0,0.444444444444,0.0,0.555555555556,0.0,Eumetazoa,9,1,0.6869615765970001,2.26666666667,-0.14285714285700002,False
C4PYV9,0.0,0.0,0.0,0.33333333333299997,0.0,0.666666666667,0.0,Eumetazoa,12,1,0.636514168295,2.23076923077,0.428571428571,False
C4PYW0,0.0,0.0,0.0,0.33333333333299997,0.222222222222,0.444444444444,0.0,Eumetazoa,9,0,1.06085694716,2.88888888889,2.95,False
C4PYZ0,0.0,0.0,0.0,0.0,0.0,1.0,0.0,Eumetazoa,11,1,-0.0,0.530303030303,-0.09493087557600001,False
C4PZQ3,0.846153846154,0.0,0.0,0.153846153846,0.0,0.0,0.0,Cellular_organisms,13,0,0.42932302193099997,0.717948717949,-0.00793650793651,False
C4PZS2,0.0,0.0,0.0,0.9,0.1,0.0,0.0,Eukaryota,10,0,0.325082973391,0.8,-0.28571428571400004,False
C4PZS3,0.0,0.0,0.0,0.0,0.0,1.0,0.0,Eumetazoa,3,1,-0.0,2.5,,False
C4PZS4,0.0,0.0,0.0,0.0,0.5,0.0,0.5,Protostomia,2,1,0.6931471805600001,4.0,-3.0,False
C4PZS5,0.0,1.0,0.0,0.0,0.0,0.0,0.0,Euk_Archaea,7,1,-0.0,0.25,0.4375,False
C4PZS6,0.0,0.875,0.0,0.125,0.0,0.0,0.0,Euk_Archaea,8,2,0.37677016125600005,0.355555555556,0.583333333333,False
C4PZS7,0.0,0.0,0.0,0.833333333333,0.0,0.08333333333330001,0.08333333333330001,Eukaryota,12,1,0.56608573896,1.64102564103,0.261904761905,False
C4PZS9,0.0,0.0,0.0,0.8571428571430001,0.0,0.14285714285700002,0.0,Eukaryota,7,2,0.410116318288,1.38888888889,-0.555555555556,False
C4PZT0,0.0,0.0,0.0,0.666666666667,0.0,0.166666666667,0.166666666667,Eukaryota,6,1,0.8675632284810001,2.95238095238,-0.633333333333,False
C4Q011,0.0,0.0,0.4,0.6,0.0,0.0,0.0,Eukaryota,10,0,0.6730116670090001,1.6,0.18,True
C4Q0P6,0.0,0.0,0.38461538461499994,0.615384615385,0.0,0.0,0.0,Eukaryota,13,0,0.666278442415,1.71794871795,0.40476190476199997,False
C4Q0T1,0.0,0.0,0.0,0.0,1.0,0.0,0.0,Opisthokonta,1,1,-0.0,1.0,,False
C4Q0X6,0.4,0.0,0.5,0.0,0.0,0.1,0.0,Euk+Bac,10,0,0.9433483923289999,1.6,-0.8571428571430001,True
C4Q192,0.0,0.0,0.0,0.7,0.2,0.1,0.0,Eukaryota,10,0,0.8018185525429999,1.93333333333,0.14285714285700002,False
C4Q194,0.0,0.0,0.0,0.0,0.0,0.125,0.875,Protostomia,8,2,0.37677016125600005,0.822222222222,-0.14,False
C4Q195,0.0,0.0,0.0,1.0,0.0,0.0,0.0,Eukaryota,11,0,-0.0,0.0,0.0,False
C4Q1Q3,0.0,0.0,0.0,0.666666666667,0.08333333333330001,0.166666666667,0.08333333333330001,Eukaryota,12,0,0.983087758575,2.74242424242,0.670046082949,False
C4Q1Q4,0.0,0.0,0.0,0.0,0.0,0.8571428571430001,0.14285714285700002,Eumetazoa,7,0,0.410116318288,0.571428571429,0.222222222222,False
C4Q2F2,0.0,0.0,0.111111111111,0.777777777778,0.0,0.111111111111,0.0,Eukaryota,9,1,0.6837389058490001,1.71111111111,-0.7976190476189999,False
C4Q2F3,0.0,0.0,0.0,0.8571428571430001,0.0,0.14285714285700002,0.0,Eukaryota,7,0,0.410116318288,1.71428571429,2.4545454545500003,False
C4Q2F6,0.0,0.0,0.0,1.0,0.0,0.0,0.0,Eukaryota,12,1,-0.0,0.512820512821,0.230158730159,False
C4Q2F7,0.0,0.0,0.0,0.0,0.0,0.5,0.5,Protostomia,8,1,0.6931471805600001,1.77777777778,0.444444444444,False
C4Q2F8,0.0,0.0,0.0,0.0,0.5,0.25,0.25,Opisthokonta,4,1,1.0397207708399998,1.6,-0.666666666667,False
C4Q2F9,0.0,0.0,0.0,0.0,0.0,0.5,0.5,Protostomia,4,1,0.6931471805600001,1.2,-0.08333333333330001,False
C4Q2I0,0.08333333333330001,0.0,0.0,0.75,0.08333333333330001,0.08333333333330001,0.0,Eukaryota,12,1,0.836988216786,2.15384615385,0.440476190476,False
C4Q2I8,0.46153846153800004,0.0,0.307692307692,0.153846153846,0.0,0.0769230769231,0.0,Cellular_organisms,13,0,1.2047933096899999,1.92307692308,0.11507936507899999,True
C4Q2Q3,0.0,0.0,0.0,0.0,0.0,1.0,0.0,Eumetazoa,1,1,-0.0,0.0,,False
C4Q2Q4,0.0,0.0,0.0,0.636363636364,0.0,0.272727272727,0.0909090909091,Eukaryota,11,1,0.859967281036,3.09090909091,-0.132718894009,False
C4Q2Z2,0.5,0.0,0.33333333333299997,0.0,0.08333333333330001,0.08333333333330001,0.0,Cellular_organisms,12,0,1.1269287948,2.01515151515,-0.33640552995399997,True
C4Q309,0.0,0.0,0.0,0.0,0.0,0.0,1.0,Protostomia,1,1,-0.0,4.0,,False
C4Q351,0.0,0.0,0.0,0.28571428571400004,0.0,0.714285714286,0.0,Eumetazoa,7,1,0.598269588585,3.5,2.33333333333,False
C4Q352,0.0,0.0,0.125,0.75,0.125,0.0,0.0,Eukaryota,8,1,0.7356219397589999,1.61111111111,0.666666666667,False
C4Q3U7,0.0,0.0,0.0,0.0,1.0,0.0,0.0,Opisthokonta,1,1,-0.0,4.0,,False
C4Q3U8,0.0,0.0,0.0,0.181818181818,0.0,0.8181818181820001,0.0,Eumetazoa,11,0,0.474139313058,1.85454545455,-0.5039682539679999,False
C4Q3U9,0.0,0.0,0.0,0.14285714285700002,0.0,0.8571428571430001,0.0,Eumetazoa,7,0,0.410116318288,1.42857142857,-0.436363636364,False
C4Q3V0,0.0,0.0,0.0,0.916666666667,0.08333333333330001,0.0,0.0,Eukaryota,12,1,0.286835983056,0.897435897436,0.222222222222,False
C4Q4J8,0.0,0.0,0.0,0.583333333333,0.0,0.416666666667,0.0,Eukaryota,12,1,0.6791932659919999,2.5641025641,0.0674603174603,False
C4Q4J9,0.0,0.0,0.0,1.0,0.0,0.0,0.0,Eukaryota,12,1,-0.0,0.153846153846,0.0277777777778,False
C4Q4K0,0.0,0.0,0.0,0.0,0.0,0.875,0.125,Eumetazoa,8,0,0.37677016125600005,0.25,0.0,False
C4Q4Q4,0.0,0.0,0.0,0.0,0.166666666667,0.833333333333,0.0,Eumetazoa,6,1,0.45056120886600004,1.2380952381,0.805555555556,False
C4Q4Q5,0.0,0.0,0.0,0.0,0.0,0.8,0.2,Eumetazoa,5,0,0.500402423538,0.4,0.25,False
C4Q4Q6,0.5,0.416666666667,0.0,0.08333333333330001,0.0,0.0,0.0,Cellular_organisms,12,1,0.918427784993,0.846153846154,-0.0277777777778,False
C4Q4S4,0.0,0.0,0.0,0.166666666667,0.5,0.33333333333299997,0.0,Opisthokonta,12,1,1.0114042647100001,1.61538461538,-0.14682539682499998,False
C4Q4S5,0.0,0.0,0.0,0.75,0.0,0.25,0.0,Eukaryota,8,0,0.562335144619,2.82142857143,2.52380952381,False
C4Q4V8,0.0,0.0,0.0,0.33333333333299997,0.0,0.666666666667,0.0,Eumetazoa,6,0,0.636514168295,2.46666666667,-0.888888888889,False
C4Q4V9,0.0,0.0,0.0,0.08333333333330001,0.08333333333330001,0.75,0.08333333333330001,Eumetazoa,12,1,0.836988216786,2.30769230769,-0.150793650794,False
C4Q4W0,0.0,0.5,0.0,0.5,0.0,0.0,0.0,Eukaryota,12,1,0.6931471805600001,0.820512820513,0.18253968254,False
C4Q4W3,0.0,0.0,0.0,0.5,0.0,0.5,0.0,Eumetazoa,6,0,0.6931471805600001,3.53333333333,1.5357142857100001,False
C4Q4W4,0.0,0.0,0.0,0.33333333333299997,0.0,0.666666666667,0.0,Eumetazoa,3,1,0.636514168295,4.83333333333,,False
C4Q4W5,0.0,0.0,0.0,1.0,0.0,0.0,0.0,Eukaryota,12,0,-0.0,0.530303030303,-0.06666666666669999,False
C4Q4W6,0.0,0.0,0.0,0.25,0.25,0.5,0.0,Eumetazoa,8,0,1.0397207708399998,2.25,-0.39487179487199997,False
C4Q500,0.0,0.0,0.0,0.0,0.0,1.0,0.0,Eumetazoa,10,1,-0.0,1.70909090909,-0.24,False
C4Q533,0.0,0.0,0.0,0.0,0.0,1.0,0.0,Eumetazoa,1,1,-0.0,4.0,,False
C4Q592,0.0,0.0,0.0,0.0,0.0,1.0,0.0,Eumetazoa,7,1,-0.0,0.25,0.179487179487,False
C4Q5F4,0.0,0.0,0.0,0.0,0.0,0.5,0.5,Protostomia,2,1,0.6931471805600001,1.33333333333,0.5,False
C4Q5F5,0.0,0.0,0.166666666667,0.33333333333299997,0.0,0.5,0.0,Eumetazoa,12,0,1.0114042647100001,3.57575757576,-0.191705069124,False
C4Q5G1,0.0,0.0,0.0,1.0,0.0,0.0,0.0,Eukaryota,2,1,-0.0,0.0,0.0,False
C4Q5I7,0.0,0.0,0.0,0.916666666667,0.0,0.08333333333330001,0.0,Eukaryota,12,1,0.286835983056,0.923076923077,0.166666666667,False
C4Q5I9,0.272727272727,0.636363636364,0.0,0.0,0.0909090909091,0.0,0.0,Euk_Archaea,11,0,0.859967281036,1.16363636364,-0.18783068783100001,False
C4Q5J0,0.0,0.0,0.5,0.33333333333299997,0.0,0.166666666667,0.0,Euk+Bac,12,0,1.0114042647100001,2.77272727273,0.970506912442,False
C4Q5J1,0.0,0.0,0.0,0.0,0.0,0.875,0.125,Eumetazoa,8,0,0.37677016125600005,0.5,0.07179487179489999,False
C4Q5J4,0.0,0.0,0.0,0.2,0.1,0.7,0.0,Eumetazoa,10,0,0.8018185525429999,1.84444444444,0.8,False
C4Q5J6,0.181818181818,0.0,0.181818181818,0.545454545455,0.0909090909091,0.0,0.0,Eukaryota,11,0,1.16851840574,1.56363636364,0.015873015873,False
C4Q5J7,0.0,0.0,0.0,0.33333333333299997,0.0,0.666666666667,0.0,Eumetazoa,3,1,0.636514168295,4.83333333333,,False
C4Q5J8,0.0,0.0,0.33333333333299997,0.5,0.166666666667,0.0,0.0,Eukaryota,12,0,1.0114042647100001,1.98484848485,-0.271889400922,False
C4Q5J9,0.0,0.0,0.555555555556,0.222222222222,0.222222222222,0.0,0.0,Euk+Bac,9,0,0.99502699018,2.27777777778,0.111111111111,False
C4Q5K0,0.33333333333299997,0.0,0.33333333333299997,0.33333333333299997,0.0,0.0,0.0,Cellular_organisms,9,0,1.09861228867,1.22222222222,-0.111111111111,False
C4Q5L0,0.0,0.0909090909091,0.272727272727,0.545454545455,0.0909090909091,0.0,0.0,Eukaryota,11,0,1.12095039267,1.49090909091,0.236772486772,False
C4Q5L1,0.0,0.0,0.14285714285700002,0.8571428571430001,0.0,0.0,0.0,Eukaryota,7,1,0.410116318288,1.10714285714,0.104166666667,False
C4Q5M7,0.0,0.08333333333330001,0.0,0.833333333333,0.08333333333330001,0.0,0.0,Eukaryota,12,1,0.56608573896,0.846153846154,0.0238095238095,False
C4Q5U3,0.0,0.0,0.111111111111,0.666666666667,0.0,0.222222222222,0.0,Eukaryota,9,0,0.848685557726,2.61111111111,0.666666666667,False
C4Q5U5,0.0,0.0,0.0,0.0,0.0,1.0,0.0,Eumetazoa,8,0,-0.0,0.571428571429,-0.08205128205130001,False
C4Q5Y3,0.0,0.0,0.0,0.888888888889,0.0,0.111111111111,0.0,Eukaryota,9,0,0.34883209584299996,1.61111111111,1.11111111111,False
C4Q5Y4,0.0,0.0,0.0,0.8571428571430001,0.0,0.0,0.14285714285700002,Eukaryota,7,1,0.410116318288,2.03571428571,2.5625,False
C4Q5Y5,0.0,0.0,0.0,0.777777777778,0.111111111111,0.0,0.111111111111,Eukaryota,9,0,0.6837389058490001,2.22222222222,1.8888888888900002,False
C4Q5Y6,0.0,0.0,0.0,0.875,0.0,0.125,0.0,Eukaryota,8,0,0.37677016125600005,1.96428571429,2.6875,False
C4Q5Y7,0.0,0.0,0.0,0.9,0.1,0.0,0.0,Eukaryota,10,0,0.325082973391,1.11111111111,0.77380952381,False
C4Q5Y8,0.0,0.0,0.0,1.0,0.0,0.0,0.0,Eukaryota,5,1,-0.0,0.6,,False
C4Q5Y9,0.0,0.0,0.0,0.0,0.444444444444,0.555555555556,0.0,Eumetazoa,9,0,0.6869615765970001,0.777777777778,0.111111111111,False
C4Q5Z0,0.0,0.0,0.0909090909091,0.272727272727,0.181818181818,0.45454545454499995,0.0,Eumetazoa,11,1,1.2406842919499999,3.75757575758,1.02222222222,False
C4Q5Z1,0.0,0.0,0.0,0.0,0.888888888889,0.111111111111,0.0,Opisthokonta,9,2,0.34883209584299996,0.327272727273,-0.011904761904799999,False
C4Q5Z2,0.0,0.0,0.0,0.0,0.777777777778,0.222222222222,0.0,Opisthokonta,9,1,0.529706199058,0.666666666667,0.535714285714,False
C4Q670,0.0,0.0,0.0,0.0,0.0,1.0,0.0,Eumetazoa,2,1,-0.0,3.33333333333,,False
C4Q699,0.0,0.0,0.0,0.0,1.0,0.0,0.0,Opisthokonta,1,1,-0.0,5.0,,False
C4Q6H2,0.0,0.0,0.153846153846,0.615384615385,0.0,0.23076923076900002,0.0,Eukaryota,13,0,0.925129083572,2.76923076923,1.27380952381,False
C4Q6M8,0.0,0.0,0.38461538461499994,0.38461538461499994,0.153846153846,0.0769230769231,0.0,Euk+Bac,13,0,1.22028216627,2.82051282051,-0.384920634921,True
C4Q726,0.0,0.0,0.0,0.0,0.714285714286,0.14285714285700002,0.14285714285700002,Opisthokonta,7,1,0.7963116401739999,2.14285714286,0.33333333333299997,False
C4Q727,0.0,0.0,0.0,0.375,0.5,0.125,0.0,Opisthokonta,8,1,0.9743147528689999,1.94444444444,-0.376623376623,False
C4Q728,0.0,0.0,0.0,0.0,0.5714285714289999,0.428571428571,0.0,Opisthokonta,7,1,0.6829081047,2.10714285714,0.6875,False
C4Q798,0.0,0.0,0.0,0.5,0.0,0.5,0.0,Eumetazoa,2,1,0.6931471805600001,3.33333333333,,False
C4Q799,0.0,0.0,0.0,0.33333333333299997,0.0,0.666666666667,0.0,Eumetazoa,3,0,0.636514168295,4.0,,False
C4Q7T4,0.0,0.0,0.0,0.916666666667,0.08333333333330001,0.0,0.0,Eukaryota,12,1,0.286835983056,1.30769230769,0.261904761905,False
C4Q805,0.0,0.0,0.0,0.8,0.0,0.2,0.0,Eukaryota,10,0,0.500402423538,1.06666666667,-0.14285714285700002,False
C4Q820,0.0,0.0,0.0,1.0,0.0,0.0,0.0,Eukaryota,11,0,-0.0,0.327272727273,-0.011904761904799999,False
C4Q882,0.0,0.0,0.0,1.0,0.0,0.0,0.0,Eukaryota,8,1,-0.0,0.0,0.0,False
C4Q8R4,0.0,0.0,0.0,0.0,0.0,1.0,0.0,Eumetazoa,2,1,-0.0,3.33333333333,,False
C4Q8S0,0.23076923076900002,0.0,0.615384615385,0.153846153846,0.0,0.0,0.0,Euk+Bac,13,0,0.925129083572,0.846153846154,-0.130952380952,True
C4Q8W8,0.0,0.0,0.0,0.111111111111,0.111111111111,0.777777777778,0.0,Eumetazoa,9,0,0.6837389058490001,1.94444444444,-0.33333333333299997,False
C4Q8Y9,0.0,0.0,0.5,0.0,0.0,0.5,0.0,Euk+Bac,10,0,0.6931471805600001,4.35555555556,0.309523809524,False
C4Q9B3,0.0,0.0,0.0,0.0,0.0,1.0,0.0,Eumetazoa,3,0,-0.0,0.0,0.0,False
C4Q9B4,0.0,0.0,0.0,0.666666666667,0.166666666667,0.166666666667,0.0,Eukaryota,12,1,0.8675632284810001,2.46153846154,0.08333333333330001,False
C4Q9B5,0.0,0.0,0.0,1.0,0.0,0.0,0.0,Eukaryota,7,0,-0.0,0.0,0.0,False
C4Q9C6,0.0,0.0,0.0,0.0,0.0,1.0,0.0,Eumetazoa,1,0,-0.0,None,,False
C4QB32,0.0,0.0,0.0,0.8181818181820001,0.0909090909091,0.0909090909091,0.0,Eukaryota,11,0,0.60016607316,1.89090909091,-0.126666666667,False
C4QB33,0.0,0.0,0.0,0.0,0.0,1.0,0.0,Eumetazoa,5,0,-0.0,0.4,-0.25,False
C4QB35,0.0,0.0,0.0,0.833333333333,0.08333333333330001,0.08333333333330001,0.0,Eukaryota,12,0,0.56608573896,1.87878787879,1.35299539171,False
C4QB36,0.0,0.0,0.0,0.0,0.0,0.5,0.5,Protostomia,4,1,0.6931471805600001,1.0,0.416666666667,False
C4QB39,0.0,0.0,0.0,0.0,0.28571428571400004,0.28571428571400004,0.428571428571,Protostomia,7,1,1.0789922078799998,2.14285714286,-0.594871794872,False
C4QB42,0.0,0.0,0.0,0.8,0.0,0.2,0.0,Eukaryota,10,0,0.500402423538,2.08888888889,3.04761904762,False
C4QBE7,0.0,0.0,0.08333333333330001,0.666666666667,0.166666666667,0.08333333333330001,0.0,Eukaryota,12,0,0.983087758575,2.37878787879,-0.222222222222,False
C4QBE8,0.0,0.0,0.0,0.615384615385,0.0769230769231,0.307692307692,0.0,Eukaryota,13,0,0.8587409130060001,2.66666666667,1.54761904762,False
C4QBN1,0.0,0.0,0.0,1.0,0.0,0.0,0.0,Eukaryota,13,0,-0.0,0.0,0.0,False
C4QBX7,0.0,0.0,0.0,0.0,0.0,1.0,0.0,Eumetazoa,2,1,-0.0,4.0,4.5,False
C4QC82,0.38461538461499994,0.615384615385,0.0,0.0,0.0,0.0,0.0,Euk_Archaea,13,0,0.666278442415,0.512820512821,-0.0277777777778,False
C4QC83,0.0,0.0,0.0,0.0,0.33333333333299997,0.666666666667,0.0,Eumetazoa,12,1,0.636514168295,0.615384615385,-0.0436507936508,False
C4QC85,0.0,0.0,0.0,0.0,0.0,1.0,0.0,Eumetazoa,7,0,-0.0,0.285714285714,-0.163636363636,False
C4QC98,0.0,0.0,0.0,0.0,1.0,0.0,0.0,Opisthokonta,2,1,-0.0,2.0,-1.5,False
C4QCA0,0.0,0.0,0.0,0.9,0.0,0.1,0.0,Eukaryota,10,1,0.325082973391,1.09090909091,0.833333333333,False
C4QCA1,0.0,0.0,0.0,0.875,0.125,0.0,0.0,Eukaryota,8,0,0.37677016125600005,0.928571428571,1.0,False
C4QCA2,0.846153846154,0.0,0.0769230769231,0.0769230769231,0.0,0.0,0.0,Cellular_organisms,13,0,0.5359610497089999,0.307692307692,0.0555555555556,False
C4QCA4,0.0,0.0,0.0,0.8,0.0,0.2,0.0,Eukaryota,5,1,0.500402423538,3.06666666667,1.4,False
C4QCD2,1.0,0.0,0.0,0.0,0.0,0.0,0.0,Cellular_organisms,12,1,-0.0,0.0,0.0,False
C4QCF5,0.0,0.0,0.0,0.0,0.75,0.25,0.0,Opisthokonta,8,1,0.562335144619,0.888888888889,0.25,False
C4QCR2,0.0,0.0,0.272727272727,0.545454545455,0.0909090909091,0.0909090909091,0.0,Eukaryota,11,0,1.12095039267,2.50909090909,1.7275132275099998,False
C4QCX0,0.0,0.0,0.0,0.5,0.2,0.3,0.0,Eukaryota,10,0,1.02965301406,2.82222222222,-0.20238095238099998,False
C4QCZ2,0.0,0.111111111111,0.222222222222,0.555555555556,0.111111111111,0.0,0.0,Eukaryota,9,0,1.1490596969700002,2.0,0.666666666667,False
C4QDB5,0.0,0.0,0.0,0.363636363636,0.0,0.636363636364,0.0,Eumetazoa,11,0,0.655481773901,2.54545454545,-0.0198412698413,False
C4QDB6,0.33333333333299997,0.0,0.444444444444,0.111111111111,0.0,0.0,0.111111111111,Euk+Bac,9,0,1.21488965395,2.33333333333,1.55555555556,False
C4QDC6,0.0,0.0,0.0,0.28571428571400004,0.0,0.714285714286,0.0,Eumetazoa,7,0,0.598269588585,2.19047619048,0.4,False
C4QDC7,0.0,0.0,0.0,0.375,0.0,0.625,0.0,Eumetazoa,8,1,0.661563238158,2.33333333333,0.0,False
C4QDC8,0.0,0.0,0.0,0.3,0.0,0.7,0.0,Eumetazoa,10,0,0.610864302055,2.31111111111,0.40476190476199997,False
C4QDC9,0.0,0.0,0.0,0.777777777778,0.222222222222,0.0,0.0,Eukaryota,9,1,0.529706199058,1.73333333333,-0.035714285714300006,False
C4QDD0,0.0,0.0,0.0,0.8571428571430001,0.14285714285700002,0.0,0.0,Eukaryota,7,1,0.410116318288,1.57142857143,-0.416666666667,False
C4QDD1,0.0,0.0,0.0,1.0,0.0,0.0,0.0,Eukaryota,12,1,-0.0,0.461538461538,0.08333333333330001,False
C4QDE6,0.0,0.0,0.0,0.8181818181820001,0.0909090909091,0.0909090909091,0.0,Eukaryota,11,0,0.60016607316,1.63636363636,1.75925925926,False
C4QDQ5,0.0,0.0,0.0,1.0,0.0,0.0,0.0,Eukaryota,12,1,-0.0,0.0,0.0,False
C4QDY4,0.0,0.0,0.0,0.0,0.0,0.833333333333,0.166666666667,Eumetazoa,6,1,0.45056120886600004,2.0,-0.381818181818,False
C4QDY5,0.0,0.0,0.0,0.0,0.0,0.75,0.25,Eumetazoa,4,1,0.562335144619,1.0,0.0,False
C4QDY6,0.28571428571400004,0.0,0.0,0.714285714286,0.0,0.0,0.0,Eukaryota,7,1,0.598269588585,1.32142857143,0.3125,False
C4QDY7,0.222222222222,0.0,0.0,0.666666666667,0.111111111111,0.0,0.0,Eukaryota,9,1,0.848685557726,1.68888888889,0.309523809524,False
C4QE42,0.0,0.0,0.0,0.25,0.375,0.375,0.0,Opisthokonta,8,0,1.08219553004,1.92857142857,1.33333333333,False
C4QEK9,0.0,0.0,0.0,0.5,0.25,0.25,0.0,Eukaryota,8,0,1.0397207708399998,1.92857142857,0.125,False
C4QF60,0.0,0.0,0.0,1.0,0.0,0.0,0.0,Eukaryota,12,1,-0.0,0.461538461538,-0.07142857142860001,False
C4QF74,0.0,0.0,0.0,0.714285714286,0.28571428571400004,0.0,0.0,Eukaryota,7,0,0.598269588585,1.61904761905,0.305555555556,False
C4QFX9,0.222222222222,0.0,0.0,0.777777777778,0.0,0.0,0.0,Eukaryota,9,0,0.529706199058,1.16666666667,0.33333333333299997,False
C4QFY0,0.3,0.0,0.0,0.6,0.0,0.1,0.0,Eukaryota,10,1,0.897945724857,1.96363636364,0.8015873015870001,False
C4QG33,0.0,0.0,0.46153846153800004,0.38461538461499994,0.0,0.0769230769231,0.0769230769231,Euk+Bac,13,0,1.11896886688,3.17948717949,0.488095238095,True
C4QGD8,0.0,0.0,0.0,0.0,0.2,0.8,0.0,Eumetazoa,5,1,0.500402423538,1.66666666667,0.8,False
C4QGD9,0.0,0.0,0.0,0.0,0.2,0.8,0.0,Eumetazoa,5,1,0.500402423538,1.0,3.0,False
C4QGE0,0.111111111111,0.222222222222,0.222222222222,0.444444444444,0.0,0.0,0.0,Eukaryota,9,1,1.27302833659,1.26666666667,-0.035714285714300006,False
C4QGM3,0.0,0.0,0.0,0.909090909091,0.0,0.0909090909091,0.0,Eukaryota,11,1,0.304636097349,0.666666666667,0.283870967742,False
C4QH88,0.0,0.0,0.14285714285700002,0.714285714286,0.14285714285700002,0.0,0.0,Eukaryota,7,0,0.7963116401739999,1.71428571429,1.8,False
C4QHD7,0.0,0.0,0.0,0.769230769231,0.153846153846,0.0,0.0769230769231,Eukaryota,13,0,0.6870920273800001,2.07692307692,0.916666666667,False
C4QHH6,0.0,0.0,0.0,0.28571428571400004,0.0,0.428571428571,0.28571428571400004,Eumetazoa,7,1,1.0789922078799998,3.85714285714,-1.12820512821,False
C4QHH7,0.0,0.0,0.0,0.0,0.0,0.0,1.0,Protostomia,1,1,-0.0,6.0,,False
C4QHY4,0.0,0.0,0.0,0.0,0.0,1.0,0.0,Eumetazoa,3,0,-0.0,0.0,,False
C4QI81,0.46153846153800004,0.0,0.38461538461499994,0.0769230769231,0.0769230769231,0.0,0.0,Cellular_organisms,13,0,1.11896886688,1.30769230769,-0.047619047619,True
C4QIC0,0.0,0.0,0.0,0.875,0.0,0.125,0.0,Eukaryota,8,0,0.37677016125600005,1.67857142857,-0.604166666667,False
C4QIH2,0.0,0.0,0.0,1.0,0.0,0.0,0.0,Eukaryota,11,1,-0.0,0.878787878788,0.022222222222199998,False
C4QIH3,0.0,0.0,0.0,0.7272727272730001,0.181818181818,0.0909090909091,0.0,Eukaryota,11,1,0.7595473914749999,2.19696969697,0.371428571429,False
C4QIH8,0.0,0.23076923076900002,0.0,0.769230769231,0.0,0.0,0.0,Eukaryota,13,0,0.5402041423889999,0.538461538462,0.0198412698413,False
C4QIH9,0.0,0.0,0.0,0.0,0.2,0.6,0.2,Eumetazoa,5,1,0.950270539233,1.53333333333,1.0,False
C4QII1,0.0,0.0,0.0,0.0,0.0,1.0,0.0,Eumetazoa,5,0,-0.0,0.0,0.0,False
C4QII2,0.0,0.0,0.0,1.0,0.0,0.0,0.0,Eukaryota,11,0,-0.0,0.0,0.0,False
C4QII3,0.0,0.0,0.363636363636,0.0,0.0,0.45454545454499995,0.181818181818,Eumetazoa,11,0,1.03619878482,4.43636363636,0.8733333333329999,False
C4QII4,0.4,0.0,0.2,0.0,0.0,0.0,0.4,Protostomia,5,1,1.05492016799,4.8,-0.642857142857,False
C4QII5,0.0,0.0,0.0,0.888888888889,0.111111111111,0.0,0.0,Eukaryota,9,0,0.34883209584299996,0.833333333333,-0.33333333333299997,False
C4QIX8,0.0,0.38461538461499994,0.0,0.615384615385,0.0,0.0,0.0,Eukaryota,13,0,0.666278442415,0.974358974359,0.00396825396825,False
C4QJ35,0.0769230769231,0.0,0.538461538462,0.38461538461499994,0.0,0.0,0.0,Euk+Bac,13,0,0.898137003188,1.76923076923,0.654761904762,True
C4QJ46,0.0,0.0,0.0,0.7272727272730001,0.181818181818,0.0,0.0909090909091,Eukaryota,11,0,0.7595473914749999,2.10909090909,0.86,False
C4QJ96,0.111111111111,0.0,0.888888888889,0.0,0.0,0.0,0.0,Euk+Bac,9,1,0.34883209584299996,0.0,0.0,False
C4QJ97,0.0,0.0,0.0,0.909090909091,0.0909090909091,0.0,0.0,Eukaryota,11,1,0.304636097349,1.24242424242,0.2,False
C4QJA1,0.0,0.0,0.46153846153800004,0.538461538462,0.0,0.0,0.0,Eukaryota,13,0,0.6901856760189999,1.46153846154,-0.17460317460299998,False
C4QJA2,0.0,0.0,0.0,0.75,0.0,0.25,0.0,Eukaryota,4,1,0.562335144619,3.4,,False
C4QJA3,0.0,0.0,0.0,0.666666666667,0.0,0.33333333333299997,0.0,Eukaryota,3,1,0.636514168295,3.16666666667,,False
C4QJA5,0.0,0.0,0.0,0.769230769231,0.153846153846,0.0769230769231,0.0,Eukaryota,13,0,0.6870920273800001,1.74358974359,0.813492063492,False
C4QJA6,0.0,0.0,0.181818181818,0.636363636364,0.0,0.0909090909091,0.0909090909091,Eukaryota,11,0,1.0335620542100001,2.76363636364,2.30026455026,False
C4QJA7,0.0,0.0,0.25,0.75,0.0,0.0,0.0,Eukaryota,8,0,0.562335144619,1.10714285714,0.104166666667,False
C4QJA8,0.0,0.0,0.1,0.3,0.2,0.4,0.0,Eumetazoa,10,1,1.2798542258299999,3.67272727273,1.08666666667,False
C4QJA9,0.272727272727,0.181818181818,0.0,0.545454545455,0.0,0.0,0.0,Eukaryota,11,1,0.994923632572,1.10606060606,0.017511520737299998,False
C4QJB0,0.0,0.0,0.0,0.0,0.0,1.0,0.0,Eumetazoa,8,1,-0.0,1.05555555556,0.1,False
C4QJB1,0.0,0.0,0.0,0.0,0.363636363636,0.545454545455,0.0909090909091,Eumetazoa,11,0,0.9164648855390001,1.74545454545,-0.173333333333,False
C4QJB2,0.0,0.0,1.0,0.0,0.0,0.0,0.0,Euk+Bac,12,1,-0.0,0.0,0.0,True
C4QJB3,0.0,0.0,0.0,0.0,0.545454545455,0.45454545454499995,0.0,Opisthokonta,11,1,0.689009238477,2.06060606061,-0.49400921658999997,False
C4QJB4,0.0,0.0,0.14285714285700002,0.5714285714289999,0.0,0.28571428571400004,0.0,Eukaryota,7,0,0.955699891113,3.52380952381,-1.0,False
C4QJB5,0.0,0.0,0.0,0.666666666667,0.25,0.0,0.08333333333330001,Eukaryota,12,0,0.8239592165009999,2.43939393939,1.6,False
C4QJB6,0.0,0.0,0.307692307692,0.46153846153800004,0.23076923076900002,0.0,0.0,Eukaryota,13,0,1.0579054247,2.46153846154,-0.17460317460299998,True
C4QJB8,0.0,0.0,0.0,1.0,0.0,0.0,0.0,Eukaryota,7,0,-0.0,0.761904761905,-0.366666666667,False
C4QJY6,0.545454545455,0.0,0.272727272727,0.0909090909091,0.0909090909091,0.0,0.0,Cellular_organisms,11,0,1.12095039267,1.2,0.392857142857,True
C4QK13,0.0,0.0,0.0,0.8,0.0,0.2,0.0,Eukaryota,5,0,0.500402423538,2.4,-1.5,False
C4QK14,0.0,0.0,0.0,0.166666666667,0.0,0.833333333333,0.0,Eumetazoa,6,0,0.45056120886600004,1.66666666667,-0.8928571428569999,False
C4QK16,0.0,0.0,0.0,0.5,0.0,0.25,0.25,Eukaryota,4,1,1.0397207708399998,3.6,-1.4166666666699999,False
C4QK28,0.0,0.0,0.0,0.428571428571,0.14285714285700002,0.14285714285700002,0.28571428571400004,Eukaryota,7,0,1.2770342594700002,3.2380952381,0.416666666667,False
C4QK30,0.0,0.0,0.0,0.0,0.0,0.833333333333,0.166666666667,Eumetazoa,6,1,0.45056120886600004,0.285714285714,0.111111111111,False
C4QK72,0.0,0.0,0.0,0.46153846153800004,0.153846153846,0.38461538461499994,0.0,Eukaryota,13,0,1.0123308390999999,2.15384615385,0.18253968254,False
C4QKE3,0.0,0.0,0.0,0.0,0.0,0.888888888889,0.111111111111,Eumetazoa,9,2,0.34883209584299996,0.690909090909,-0.09788359788360002,False
C4QKE7,0.0,0.0,0.0,0.0,0.25,0.625,0.125,Eumetazoa,8,1,0.900256051269,1.0,-0.225,False
C4QKF0,0.0,0.0,0.0,0.0,0.0,0.833333333333,0.166666666667,Eumetazoa,6,1,0.45056120886600004,0.761904761905,0.33333333333299997,False
C4QKF1,0.0,0.0,0.0,0.0,0.0,0.8571428571430001,0.14285714285700002,Eumetazoa,7,0,0.410116318288,0.571428571429,-0.33333333333299997,False
C4QKF2,0.0,0.0,0.0,0.33333333333299997,0.0,0.666666666667,0.0,Eumetazoa,3,1,0.636514168295,2.5,,False
C4QKF3,0.0,0.0,0.0,0.666666666667,0.0,0.33333333333299997,0.0,Eukaryota,6,1,0.636514168295,3.33333333333,-1.01818181818,False
C4QKH9,0.166666666667,0.0,0.416666666667,0.33333333333299997,0.08333333333330001,0.0,0.0,Euk+Bac,12,0,1.2366848691399999,1.56060606061,-0.133333333333,False
C4QKQ4,0.23076923076900002,0.0,0.538461538462,0.153846153846,0.0,0.0769230769231,0.0,Euk+Bac,13,0,1.15698764435,1.66666666667,0.206349206349,False
C4QKQ5,0.0,0.0,0.0,0.666666666667,0.33333333333299997,0.0,0.0,Eukaryota,3,1,0.636514168295,1.33333333333,-1.0,False
C4QKQ7,0.0,0.0,0.0,0.166666666667,0.666666666667,0.166666666667,0.0,Opisthokonta,12,0,0.8675632284810001,1.37878787879,0.16682027649800002,False
C4QKQ9,0.0,0.0,0.0,1.0,0.0,0.0,0.0,Eukaryota,11,0,-0.0,0.181818181818,-0.0793650793651,False
C4QKR0,0.0,0.0909090909091,0.0909090909091,0.636363636364,0.0909090909091,0.0909090909091,0.0,Eukaryota,11,1,1.1595888143100002,2.22727272727,-0.058064516129,False
C4QKR1,0.0,0.33333333333299997,0.0,0.0,0.0,0.444444444444,0.222222222222,Eumetazoa,9,1,1.06085694716,4.08888888889,2.3095238095200004,False
C4QKR3,0.0,0.0,0.0,0.916666666667,0.0,0.0,0.08333333333330001,Eukaryota,12,1,0.286835983056,1.17948717949,0.33333333333299997,False
C4QKT2,0.0,0.0,0.0,0.0,0.0,1.0,0.0,Eumetazoa,2,1,-0.0,3.33333333333,,False
C4QKW6,0.46153846153800004,0.0,0.23076923076900002,0.0,0.153846153846,0.153846153846,0.0,Cellular_organisms,13,0,1.27118148026,3.15384615385,0.75,True
C4QKW8,0.0769230769231,0.0,0.0,0.307692307692,0.23076923076900002,0.307692307692,0.0769230769231,Eumetazoa,13,0,1.45831922246,2.92307692308,0.321428571429,False
C4QKW9,0.0,0.0,0.0,0.33333333333299997,0.0,0.666666666667,0.0,Eumetazoa,3,1,0.636514168295,3.83333333333,,False
C4QKX0,0.0,0.0,0.0,0.363636363636,0.0,0.545454545455,0.0909090909091,Eumetazoa,11,0,0.9164648855390001,2.21818181818,0.106666666667,False
C4QKY6,0.0,0.0,0.0,0.08333333333330001,0.833333333333,0.08333333333330001,0.0,Opisthokonta,12,0,0.56608573896,0.969696969697,0.06666666666669999,False
C4QL66,0.0,0.0,0.0,1.0,0.0,0.0,0.0,Eukaryota,11,1,-0.0,0.333333333333,-0.101382488479,False
C4QLP0,0.0,0.0,0.0,0.25,0.625,0.0,0.125,Opisthokonta,8,0,0.900256051269,2.03571428571,-0.507692307692,False
C4QLP1,0.0,0.0,0.0,0.111111111111,0.0,0.888888888889,0.0,Eumetazoa,9,1,0.34883209584299996,1.6,-0.321428571429,False
C4QLP2,0.0,0.0,0.0,0.0,0.0,1.0,0.0,Eumetazoa,12,1,-0.0,1.61538461538,-0.0952380952381,False
C4QLP4,0.0,0.0,0.0,0.923076923077,0.0,0.0769230769231,0.0,Eukaryota,13,0,0.271189373042,1.30769230769,0.0555555555556,False
C4QLP5,0.166666666667,0.0,0.08333333333330001,0.666666666667,0.08333333333330001,0.0,0.0,Eukaryota,12,0,0.983087758575,1.63636363636,0.409216589862,False
C4QLP6,0.0,0.0,0.0,1.0,0.0,0.0,0.0,Eukaryota,11,2,-0.0,0.538461538462,0.07142857142860001,False
C4QLY1,0.0,0.0,0.0,0.375,0.0,0.625,0.0,Eumetazoa,8,0,0.661563238158,2.57142857143,-0.369230769231,False
C4QLY5,0.538461538462,0.0,0.23076923076900002,0.153846153846,0.0769230769231,0.0,0.0,Cellular_organisms,13,0,1.15698764435,1.69230769231,-0.00396825396825,False
C4QLY6,0.0,0.0,0.0,0.0,0.0,0.25,0.75,Protostomia,4,1,0.562335144619,2.0,0.0,False
C4QM23,0.0,0.0,0.125,0.875,0.0,0.0,0.0,Eukaryota,8,0,0.37677016125600005,1.03571428571,0.22916666666700003,False
C4QM45,0.0,0.0,0.0,0.7272727272730001,0.0,0.272727272727,0.0,Eukaryota,11,1,0.585952618304,2.16666666667,0.19262672811099998,False
C4QM46,0.0,0.25,0.0,0.75,0.0,0.0,0.0,Eukaryota,12,1,0.562335144619,1.0,0.0515873015873,False
C4QM49,0.0,0.0,0.0,1.0,0.0,0.0,0.0,Eukaryota,6,1,-0.0,1.14285714286,-0.463636363636,False
C4QM85,0.0,0.0,0.0,0.0,0.0,1.0,0.0,Eumetazoa,5,0,-0.0,0.0,0.0,False
C4QMA6,0.0,0.0,0.0,0.0,0.0,1.0,0.0,Eumetazoa,1,1,-0.0,0.0,,False
C4QMA7,0.0,0.0,0.0,1.0,0.0,0.0,0.0,Eukaryota,12,1,-0.0,1.23076923077,0.84126984127,False
C4QMA8,0.0,0.0,0.0,0.692307692308,0.23076923076900002,0.0769230769231,0.0,Eukaryota,13,0,0.790267968075,1.92307692308,1.4047619047600002,False
C4QMA9,0.0,0.0,0.0,0.5,0.0,0.5,0.0,Eumetazoa,8,0,0.6931471805600001,3.03571428571,-0.0769230769231,False
C4QMB0,0.0,0.0,0.0,1.0,0.0,0.0,0.0,Eukaryota,12,1,-0.0,0.538461538462,0.277777777778,False
C4QMB3,0.166666666667,0.33333333333299997,0.0,0.416666666667,0.08333333333330001,0.0,0.0,Eukaryota,12,1,1.2366848691399999,1.38461538462,0.45634920634900006,False
C4QMB8,0.0,0.0,0.0,1.0,0.0,0.0,0.0,Eukaryota,5,1,-0.0,0.533333333333,-0.2,False
C4QMF9,0.0,0.0,0.0,0.0,0.0,0.0,1.0,Protostomia,1,1,-0.0,2.0,,False
C4QMG0,0.0,0.0,0.1,0.3,0.0,0.6,0.0,Eumetazoa,10,0,0.897945724857,3.26666666667,0.3,False
C4QMG1,0.0,0.0,0.0,0.0,0.0,1.0,0.0,Eumetazoa,9,0,-0.0,0.5,-0.1125,False
C4QMH8,0.0,0.416666666667,0.0,0.583333333333,0.0,0.0,0.0,Eukaryota,12,1,0.6791932659919999,0.820512820513,0.0277777777778,False
C4QMH9,0.0,0.0,0.0,0.636363636364,0.0,0.363636363636,0.0,Eukaryota,11,0,0.655481773901,3.01818181818,-0.255291005291,False
C4QMI0,0.0,0.0,0.0,0.0909090909091,0.0,0.909090909091,0.0,Eumetazoa,11,0,0.304636097349,1.23636363636,-0.00666666666667,False
C4QMI1,0.0,0.0,0.0,1.0,0.0,0.0,0.0,Eukaryota,12,1,-0.0,0.589743589744,0.0634920634921,False
C4QMR1,0.33333333333299997,0.0,0.166666666667,0.416666666667,0.0,0.0,0.08333333333330001,Eukaryota,12,1,1.2366848691399999,2.15384615385,0.130952380952,False
C4QMW7,0.0,0.08333333333330001,0.0,0.916666666667,0.0,0.0,0.0,Eukaryota,12,0,0.286835983056,0.333333333333,0.0,False
C4QMW9,0.0,0.0,0.0,1.0,0.0,0.0,0.0,Eukaryota,9,0,-0.0,0.777777777778,0.363636363636,False
C4QNM8,0.0,0.0,0.0,0.666666666667,0.0,0.33333333333299997,0.0,Eukaryota,9,1,0.636514168295,2.53333333333,-0.607142857143,False
C4QNM9,0.0,0.0,0.0,1.0,0.0,0.0,0.0,Eukaryota,2,1,-0.0,0.0,,False
C4QNP4,0.0,0.0,0.0,0.25,0.0,0.75,0.0,Eumetazoa,8,1,0.562335144619,2.83333333333,-0.6375,False
C4QNP7,0.0,0.0,0.0,0.0,0.0,0.2,0.8,Protostomia,5,1,0.500402423538,0.866666666667,0.33333333333299997,False
C4QNZ5,0.5,0.1,0.0,0.3,0.0,0.1,0.0,Cellular_organisms,10,0,1.16828245018,2.44444444444,0.47619047618999993,False
C4QNZ6,0.4,0.0,0.3,0.1,0.0,0.2,0.0,Cellular_organisms,10,0,1.2798542258299999,3.06666666667,0.48,False
C4QNZ8,0.0,0.0,0.0,1.0,0.0,0.0,0.0,Eukaryota,11,1,-0.0,0.30303030303,-0.0555555555556,False
C4QP06,0.0,0.0,0.0,0.0,0.111111111111,0.888888888889,0.0,Eumetazoa,9,0,0.34883209584299996,0.722222222222,-0.24675324675299998,False
C4QP07,0.0,0.0,0.0,0.0,0.14285714285700002,0.8571428571430001,0.0,Eumetazoa,7,0,0.410116318288,0.761904761905,-0.366666666667,False
C4QP14,0.0,0.538461538462,0.0,0.46153846153800004,0.0,0.0,0.0,Euk_Archaea,13,0,0.6901856760189999,0.538461538462,-0.08333333333330001,False
C4QP17,0.0,0.0,1.0,0.0,0.0,0.0,0.0,Euk+Bac,2,1,-0.0,2.66666666667,,False
C4QP46,0.0,0.0,0.0,1.0,0.0,0.0,0.0,Eukaryota,5,0,-0.0,0.6,-0.166666666667,False
C4QP66,0.0,0.0,0.0,1.0,0.0,0.0,0.0,Eukaryota,13,0,-0.0,0.282051282051,0.111111111111,False
C4QP68,0.0,0.111111111111,0.111111111111,0.777777777778,0.0,0.0,0.0,Eukaryota,9,1,0.6837389058490001,0.555555555556,-0.23809523809500002,False
C4QP69,0.0,0.125,0.0,0.75,0.0,0.125,0.0,Eukaryota,8,1,0.7356219397589999,1.55555555556,2.5974025974,False
C4QPB5,0.0,0.0,0.0,0.625,0.0,0.375,0.0,Eukaryota,8,0,0.661563238158,2.67857142857,-0.74358974359,False
C4QPC8,0.0,0.0,0.0,0.428571428571,0.5714285714289999,0.0,0.0,Opisthokonta,7,0,0.6829081047,1.14285714286,0.109090909091,False
C4QPD0,0.0,0.0,0.0,0.75,0.25,0.0,0.0,Eukaryota,8,0,0.562335144619,1.39285714286,1.3541666666699999,False
C4QPD1,0.0,0.0,0.0,0.8571428571430001,0.0,0.0,0.14285714285700002,Eukaryota,7,0,0.410116318288,2.38095238095,5.3,False
C4QPD2,0.0,0.0,0.0,1.0,0.0,0.0,0.0,Eukaryota,5,0,-0.0,1.0,,False
C4QPF1,0.0,0.0,0.0,0.0,0.0,0.0,1.0,Protostomia,2,2,-0.0,0.666666666667,-0.5,False
C4QPH4,0.181818181818,0.0,0.272727272727,0.45454545454499995,0.0,0.0,0.0909090909091,Eukaryota,11,0,1.2406842919499999,2.50909090909,1.1455026455,False
C4QPH5,0.2,0.0,0.3,0.5,0.0,0.0,0.0,Eukaryota,10,0,1.02965301406,1.11111111111,-0.119047619048,False
C4QPI7,0.0,0.0,0.0,0.0,0.0,1.0,0.0,Eumetazoa,1,2,-0.0,0.666666666667,,False
C4QPJ9,0.0,0.0,0.0,0.5,0.25,0.25,0.0,Eukaryota,4,1,1.0397207708399998,2.8,-0.916666666667,False
C4QPK1,0.0,0.0,0.0,0.0,0.0,0.0,1.0,Protostomia,1,1,-0.0,1.0,,False
C4QPK3,0.0,0.7,0.0,0.2,0.1,0.0,0.0,Euk_Archaea,10,0,0.8018185525429999,1.26666666667,1.2857142857100001,False
C4QPK4,0.0,0.7,0.0,0.2,0.0,0.0,0.1,Euk_Archaea,10,1,0.8018185525429999,1.78181818182,1.3174603174600001,False
C4QPK6,0.0,0.0,0.0,1.0,0.0,0.0,0.0,Eukaryota,5,2,-0.0,0.285714285714,-0.166666666667,False
C4QPK9,0.0,0.08333333333330001,0.0,0.916666666667,0.0,0.0,0.0,Eukaryota,12,1,0.286835983056,0.307692307692,0.00396825396825,False
C4QPP8,0.0,0.0,0.0,0.416666666667,0.25,0.33333333333299997,0.0,Eukaryota,12,0,1.07755632707,2.39393939394,0.134562211982,False
C4QPQ0,0.0,0.0,0.0,0.923076923077,0.0,0.0769230769231,0.0,Eukaryota,13,0,0.271189373042,0.769230769231,-0.119047619048,False
C4QPQ1,0.0,0.0,0.0,1.0,0.0,0.0,0.0,Eukaryota,9,1,-0.0,0.355555555556,0.047619047619,False
C4QPQ2,0.0,0.0,0.0,1.0,0.0,0.0,0.0,Eukaryota,8,1,-0.0,0.388888888889,0.181818181818,False
C4QPU0,0.0,0.0,0.0,1.0,0.0,0.0,0.0,Eukaryota,11,1,-0.0,0.787878787879,0.1,False
C4QPU1,0.0,0.0,0.0,1.0,0.0,0.0,0.0,Eukaryota,11,0,-0.0,0.436363636364,-0.08862433862430001,False
C4QPU2,0.0,0.0,0.0,1.0,0.0,0.0,0.0,Eukaryota,12,1,-0.0,0.282051282051,-0.0436507936508,False
C4QPU4,0.4,0.0,0.4,0.1,0.0,0.0,0.1,Euk+Bac,10,0,1.1935496041,2.26666666667,-0.5,False
C4QPU5,0.222222222222,0.0,0.555555555556,0.0,0.111111111111,0.0,0.111111111111,Euk+Bac,9,1,1.1490596969700002,2.57777777778,-0.190476190476,False
C4QPU6,0.2,0.0,0.6,0.1,0.0,0.0,0.1,Euk+Bac,10,0,1.08889997535,2.26666666667,-0.5,False
C4QPU7,0.4,0.0,0.5,0.0,0.0,0.0,0.1,Euk+Bac,10,0,0.9433483923289999,1.8,-0.964285714286,False
C4QPU8,0.33333333333299997,0.0,0.555555555556,0.0,0.0,0.0,0.111111111111,Euk+Bac,9,0,0.9368883075390001,2.0,-1.16883116883,False
C4QPU9,0.0,0.0,0.0,0.5,0.0,0.5,0.0,Eumetazoa,6,0,0.6931471805600001,2.73333333333,-0.444444444444,False
C4QQ81,0.375,0.0,0.25,0.125,0.0,0.125,0.125,Cellular_organisms,8,1,1.49417513829,3.55555555556,4.0,False
C4QQ82,0.666666666667,0.0,0.222222222222,0.111111111111,0.0,0.0,0.0,Cellular_organisms,9,0,0.848685557726,0.444444444444,-0.25974025974,False
C4QQ83,0.0,0.0,0.0,0.0,0.25,0.75,0.0,Eumetazoa,4,1,0.562335144619,2.4,-1.0,False
C4QQE1,0.0,0.0,0.0,0.5,0.25,0.25,0.0,Eukaryota,4,0,1.0397207708399998,2.33333333333,,False
C4QQN2,0.0,0.0,0.0,1.0,0.0,0.0,0.0,Eukaryota,2,1,-0.0,0.666666666667,,False
C4QRK0,0.0,0.0,0.14285714285700002,0.8571428571430001,0.0,0.0,0.0,Eukaryota,7,0,0.410116318288,0.571428571429,-0.327272727273,False
C4QRU8,0.0,0.0,0.0,0.444444444444,0.222222222222,0.33333333333299997,0.0,Eukaryota,9,0,1.06085694716,2.72222222222,-0.275,False
C4QRV0,0.0,0.0,0.0,0.0,0.0,0.0,1.0,Protostomia,1,0,-0.0,None,,False
C4QRW7,0.0,0.0,0.0,1.0,0.0,0.0,0.0,Eukaryota,4,0,-0.0,0.5,-0.33333333333299997,False
C4QRY1,0.0,0.0,0.0,0.111111111111,0.0,0.888888888889,0.0,Eumetazoa,9,0,0.34883209584299996,1.27777777778,1.44444444444,False
C4QS32,0.5,0.0,0.0,0.0,0.0,0.5,0.0,Cellular_organisms,2,1,0.6931471805600001,4.66666666667,-3.5,False
C4QS50,0.0,0.0,0.0,0.0,0.33333333333299997,0.666666666667,0.0,Eumetazoa,3,0,0.636514168295,1.33333333333,2.0,False
C4QSB3,0.0,0.0,0.0,0.0,0.0,0.0,1.0,Protostomia,2,2,-0.0,1.16666666667,-0.33333333333299997,False
C4QSD7,0.0,0.0,0.0,0.0,0.0,1.0,0.0,Eumetazoa,3,0,-0.0,0.666666666667,,False
C4QSV0,0.75,0.0,0.0,0.25,0.0,0.0,0.0,Cellular_organisms,4,0,0.562335144619,1.5,,False
C4QT22,0.0,0.0,0.0,0.0,0.0,1.0,0.0,Eumetazoa,1,1,-0.0,5.0,,False
C4QT62,0.0,0.0,0.5,0.5,0.0,0.0,0.0,Euk+Bac,2,1,0.6931471805600001,2.0,,False
C4QT89,0.0,0.0,0.0,1.0,0.0,0.0,0.0,Eukaryota,4,0,-0.0,0.5,-0.33333333333299997,False
C4QTD7,0.0,0.0,0.0,1.0,0.0,0.0,0.0,Eukaryota,5,0,-0.0,0.6,-0.166666666667,False
C4QTL2,0.0,0.0,0.0,0.0,0.0,0.5,0.5,Protostomia,2,1,0.6931471805600001,6.0,-4.5,False
C4QTL5,0.0,0.0,0.0,0.0,0.0,0.0,1.0,Protostomia,1,0,-0.0,None,,False
C4QTP7,0.0,0.0,0.0,0.0,0.0,1.0,0.0,Eumetazoa,1,2,-0.0,3.33333333333,-2.5,False
C4QTR6,0.0,0.0,0.0,1.0,0.0,0.0,0.0,Eukaryota,1,1,-0.0,1.0,,False
C4QTY8,0.0,0.0,0.0,0.0,0.0,1.0,0.0,Eumetazoa,1,0,-0.0,None,,False
C4QTZ4,0.0,0.0,0.0,0.0,0.166666666667,0.833333333333,0.0,Eumetazoa,6,0,0.45056120886600004,1.0,0.0,False
C4QU02,0.33333333333299997,0.583333333333,0.0,0.08333333333330001,0.0,0.0,0.0,Euk_Archaea,12,1,0.887694275799,0.666666666667,-0.0515873015873,False
C4QU33,0.0,0.0,0.0,0.5,0.25,0.25,0.0,Eukaryota,4,1,1.0397207708399998,3.2,2.16666666667,False
C4QU53,0.0,0.0,0.0,0.625,0.375,0.0,0.0,Eukaryota,8,0,0.661563238158,1.07142857143,0.276923076923,False
C4QU54,0.0,0.0,0.0,1.0,0.0,0.0,0.0,Eukaryota,12,1,-0.0,0.820512820513,-0.0238095238095,False
C4QU55,0.0,0.0,0.0,0.0,0.0,1.0,0.0,Eumetazoa,3,0,-0.0,0.0,,False
C4QU56,0.111111111111,0.111111111111,0.0,0.0,0.0,0.555555555556,0.222222222222,Eumetazoa,9,1,1.1490596969700002,4.06666666667,-0.321428571429,False
C4QU57,0.0,0.0,0.153846153846,0.846153846154,0.0,0.0,0.0,Eukaryota,13,0,0.42932302193099997,0.717948717949,0.0436507936508,False
C4QU58,0.0,0.0,0.0,0.0,0.0,1.0,0.0,Eumetazoa,3,0,-0.0,0.0,0.0,False
C4QU59,0.0,0.0,0.0,1.0,0.0,0.0,0.0,Eukaryota,12,1,-0.0,0.307692307692,-0.047619047619,False
C4QU63,0.0,0.0,0.0,1.0,0.0,0.0,0.0,Eukaryota,9,1,-0.0,0.933333333333,0.392857142857,False
C4QU84,0.0,0.0,0.0,0.25,0.0,0.75,0.0,Eumetazoa,8,1,0.562335144619,2.88888888889,-0.555555555556,False
C4QU95,0.0,0.0,0.0,0.5,0.5,0.0,0.0,Opisthokonta,4,1,0.6931471805600001,1.8,-0.75,False
C4QU97,0.0,0.0,0.0,0.666666666667,0.0,0.0,0.33333333333299997,Eukaryota,3,2,0.636514168295,3.2,0.5,False
C4QUA0,0.0,0.0,0.25,0.5,0.0,0.25,0.0,Eukaryota,4,1,1.0397207708399998,3.4,4.75,False
C4QUA1,0.0,0.0,0.0,0.33333333333299997,0.0,0.666666666667,0.0,Eumetazoa,6,0,0.636514168295,2.66666666667,1.6666666666699999,False
C4QUB0,0.5,0.0,0.0,0.0,0.5,0.0,0.0,Cellular_organisms,2,1,0.6931471805600001,3.33333333333,-2.5,False
C4QUD2,0.0,0.0,0.0,0.4,0.0,0.6,0.0,Eumetazoa,10,0,0.6730116670090001,2.77777777778,0.05952380952380001,False
C4QUE5,0.0,0.0,0.0,1.0,0.0,0.0,0.0,Eukaryota,3,0,-0.0,0.666666666667,-0.5,False
C4QUF8,0.0,0.0,0.0,0.33333333333299997,0.0,0.666666666667,0.0,Eumetazoa,3,1,0.636514168295,3.0,-0.666666666667,False
C4QUG0,0.769230769231,0.153846153846,0.0,0.0769230769231,0.0,0.0,0.0,Cellular_organisms,13,0,0.6870920273800001,0.538461538462,-0.031746031746,False
C4QUG1,0.0,0.0,0.0,0.5,0.0,0.0,0.5,Protostomia,2,1,0.6931471805600001,6.0,-4.5,False
C4QUG2,0.0,0.0,0.0,0.625,0.25,0.125,0.0,Eukaryota,8,1,0.900256051269,2.94444444444,0.558441558442,False
O18501,0.0,0.0,0.75,0.25,0.0,0.0,0.0,Euk+Bac,8,0,0.562335144619,0.857142857143,0.25,False
P16641,0.0,0.0,0.692307692308,0.0,0.153846153846,0.0769230769231,0.0769230769231,Euk+Bac,13,0,0.937155853066,3.35897435897,0.40873015873,True
P91804,0.0,0.0,0.0,0.0,0.0,0.0,1.0,Protostomia,1,0,-0.0,None,,False
Q04702,0.0,0.0,0.0,1.0,0.0,0.0,0.0,Eukaryota,12,1,-0.0,0.666666666667,0.0,False
Q05645,0.0,0.0,0.0,0.75,0.0,0.25,0.0,Eukaryota,4,0,0.562335144619,2.66666666667,0.0,False
Q15ER1,0.0,0.0,0.0,1.0,0.0,0.0,0.0,Eukaryota,13,0,-0.0,0.512820512821,-0.0793650793651,False
Q15ER3,0.0,0.0,0.0,0.769230769231,0.153846153846,0.0769230769231,0.0,Eukaryota,13,0,0.6870920273800001,1.94871794872,-0.198412698413,False
Q15ER5,0.0,0.08333333333330001,0.0,0.75,0.0,0.166666666667,0.0,Eukaryota,12,1,0.7214636866930001,2.35897435897,0.7182539682539999,False
Q15ER7,0.0,0.3,0.0,0.7,0.0,0.0,0.0,Eukaryota,10,0,0.610864302055,0.466666666667,-0.07142857142860001,False
Q15ES0,0.0,0.0,0.0,0.75,0.08333333333330001,0.08333333333330001,0.08333333333330001,Eukaryota,12,1,0.836988216786,2.30769230769,-0.047619047619,False
Q15ES2,0.0,0.0,0.0,0.769230769231,0.0,0.23076923076900002,0.0,Eukaryota,13,0,0.5402041423889999,1.82051282051,1.11111111111,False
Q15ES3,0.0,0.0,0.0,1.0,0.0,0.0,0.0,Eukaryota,12,1,-0.0,0.282051282051,-0.0436507936508,False
Q15ES4,0.08333333333330001,0.416666666667,0.0,0.416666666667,0.0,0.08333333333330001,0.0,Euk_Archaea,12,1,1.14370838943,1.61538461538,0.05952380952380001,False
Q15ES5,0.0,0.0,0.0,0.909090909091,0.0,0.0909090909091,0.0,Eukaryota,11,0,0.304636097349,1.09090909091,0.833333333333,False
Q15ES6,0.0,0.0,0.0,0.8,0.0,0.2,0.0,Eukaryota,10,1,0.500402423538,2.03636363636,1.3082010581999999,False
Q15ET0,0.0,0.0,0.0,1.0,0.0,0.0,0.0,Eukaryota,12,1,-0.0,0.307692307692,-0.047619047619,False
Q15ET2,0.0,0.0,0.0,0.916666666667,0.0,0.08333333333330001,0.0,Eukaryota,12,1,0.286835983056,1.0,0.103174603175,False
Q15ET4,0.0,1.0,0.0,0.0,0.0,0.0,0.0,Euk_Archaea,13,0,-0.0,0.0,0.0,False
Q15ET8,0.0,0.0,0.0,1.0,0.0,0.0,0.0,Eukaryota,13,0,-0.0,0.0,0.0,False
Q15EU0,0.416666666667,0.416666666667,0.0,0.166666666667,0.0,0.0,0.0,Cellular_organisms,12,1,1.02818385933,0.820512820513,-0.126984126984,False
Q15EU1,0.0,0.0,0.0,0.666666666667,0.25,0.08333333333330001,0.0,Eukaryota,12,1,0.8239592165009999,1.97435897436,1.5,False
Q15EU2,0.0,0.0,0.846153846154,0.153846153846,0.0,0.0,0.0,Euk+Bac,13,0,0.42932302193099997,0.564102564103,0.222222222222,True
Q1JPR1,0.0,0.0,0.0,0.833333333333,0.08333333333330001,0.08333333333330001,0.0,Eukaryota,12,0,0.56608573896,1.87878787879,1.35299539171,False
Q1WIQ3,0.0,0.0,0.33333333333299997,0.33333333333299997,0.111111111111,0.111111111111,0.111111111111,Euk+Bac,9,0,1.46481638489,4.0,2.0,False
Q1WIQ4,0.0,0.0,0.33333333333299997,0.222222222222,0.111111111111,0.111111111111,0.222222222222,Euk+Bac,9,0,1.5229550675299999,4.55555555556,2.5974025974,False
Q1WMM8,0.0,0.0,0.4,0.2,0.2,0.1,0.1,Euk+Bac,10,0,1.47080847632,4.04444444444,0.27380952380999996,True
Q1X6L4,0.0,0.0,0.33333333333299997,0.33333333333299997,0.222222222222,0.111111111111,0.0,Euk+Bac,9,0,1.3107836781,3.33333333333,0.888888888889,False
Q1X6L5,0.0,0.0,0.33333333333299997,0.33333333333299997,0.111111111111,0.222222222222,0.0,Euk+Bac,9,0,1.3107836781,3.77777777778,0.012987012987,False
Q26444,0.0,0.0,0.0,0.75,0.0,0.25,0.0,Eukaryota,8,0,0.562335144619,2.82142857143,2.52380952381,False
Q26536,0.0,0.0,0.0,1.0,0.0,0.0,0.0,Eukaryota,1,1,-0.0,2.0,,False
Q26545,0.583333333333,0.08333333333330001,0.0,0.33333333333299997,0.0,0.0,0.0,Cellular_organisms,12,1,0.887694275799,1.4358974359,0.39682539682499995,False
Q26549,0.0,0.0,0.0,0.0,0.0,0.33333333333299997,0.666666666667,Protostomia,3,1,0.636514168295,1.33333333333,2.0,False
Q26554,0.0,0.0,0.0,0.8,0.0,0.1,0.1,Eukaryota,10,1,0.6390318596500001,2.69090909091,2.44841269841,False
Q26561,0.0,0.0,0.0,0.666666666667,0.33333333333299997,0.0,0.0,Eukaryota,9,1,0.636514168295,0.933333333333,-0.214285714286,False
Q26572,0.0,0.0,0.0,0.33333333333299997,0.08333333333330001,0.5,0.08333333333330001,Eumetazoa,12,1,1.1269287948,3.46153846154,0.90873015873,False
Q26579,0.0,0.0,0.5,0.5,0.0,0.0,0.0,Euk+Bac,10,0,0.6931471805600001,1.64444444444,0.40476190476199997,True
Q26586,0.0,0.0,0.0,0.615384615385,0.153846153846,0.23076923076900002,0.0,Eukaryota,13,0,0.925129083572,2.71794871795,-0.111111111111,False
Q26594,0.0,0.0,0.8,0.1,0.0,0.1,0.0,Euk+Bac,10,0,0.6390318596500001,2.06666666667,-0.392857142857,True
Q26595,0.0,0.0,0.0,0.8181818181820001,0.0,0.181818181818,0.0,Eukaryota,11,0,0.474139313058,2.10909090909,-0.0767195767196,False
Q26597,0.181818181818,0.0,0.0,0.0909090909091,0.0,0.7272727272730001,0.0,Eumetazoa,11,1,0.7595473914749999,3.57575757576,-0.0700460829493,False
Q27260,0.0,0.0,0.0,0.0,0.0,0.0,1.0,Protostomia,1,0,-0.0,None,,False
Q27277,0.28571428571400004,0.0,0.0,0.5714285714289999,0.0,0.14285714285700002,0.0,Eukaryota,7,1,0.955699891113,2.60714285714,-0.770833333333,False
Q27779,0.3,0.1,0.1,0.5,0.0,0.0,0.0,Eukaryota,10,0,1.16828245018,1.44444444444,0.05952380952380001,False
Q2MK73,0.0,0.0,0.0,1.0,0.0,0.0,0.0,Eukaryota,12,1,-0.0,0.307692307692,-0.047619047619,False
Q2VU48,0.0,0.0,0.0,0.846153846154,0.0,0.153846153846,0.0,Eukaryota,13,0,0.42932302193099997,1.69230769231,0.666666666667,False
Q49QX8,0.0,0.0,0.181818181818,0.0909090909091,0.181818181818,0.545454545455,0.0,Eumetazoa,11,1,1.16851840574,3.75757575758,-0.578801843318,False
Q4JHT3,0.0,0.0,0.0,1.0,0.0,0.0,0.0,Eukaryota,13,0,-0.0,0.282051282051,0.111111111111,False
Q4KXQ2,0.0,0.0,0.0,0.0,0.0,0.6,0.4,Eumetazoa,5,2,0.6730116670090001,0.761904761905,-0.0277777777778,False
Q4PLC2,0.0,0.0,0.111111111111,0.777777777778,0.111111111111,0.0,0.0,Eukaryota,9,0,0.6837389058490001,1.27777777778,0.222222222222,False
Q4TTW6,0.0,0.0,0.0,0.0,0.0,0.0,1.0,Protostomia,1,0,-0.0,None,,False
Q547D2,0.0,0.0,0.0,1.0,0.0,0.0,0.0,Eukaryota,7,1,-0.0,0.5,0.875,False
Q5UES2,0.0,0.0,0.25,0.75,0.0,0.0,0.0,Eukaryota,12,0,0.562335144619,0.818181818182,-0.0888888888889,False
Q6B963,0.33333333333299997,0.08333333333330001,0.166666666667,0.416666666667,0.0,0.0,0.0,Eukaryota,12,0,1.2366848691399999,1.56060606061,0.144700460829,True
Q6BC90,0.7272727272730001,0.0,0.181818181818,0.0909090909091,0.0,0.0,0.0,Cellular_organisms,11,0,0.7595473914749999,0.363636363636,-0.15873015873,True
Q6RYS1,0.0,0.0,0.0,0.7272727272730001,0.181818181818,0.0909090909091,0.0,Eukaryota,11,0,0.7595473914749999,2.10909090909,1.01455026455,False
Q6UEH7,0.0,0.0,0.0,0.0,0.0,0.9,0.1,Eumetazoa,10,1,0.325082973391,0.509090909091,0.49074074074100005,False
Q6WVP6,0.33333333333299997,0.0,0.5,0.166666666667,0.0,0.0,0.0,Euk+Bac,12,1,1.0114042647100001,0.564102564103,0.015873015873,False
Q7YTA4,0.0,0.0,0.0,0.666666666667,0.166666666667,0.166666666667,0.0,Eukaryota,12,1,0.8675632284810001,2.33333333333,0.619047619048,False
Q7YW72,0.0,0.0,0.0,0.666666666667,0.25,0.08333333333330001,0.0,Eukaryota,12,0,0.8239592165009999,1.30303030303,0.510599078341,False
Q86D97,0.0,0.0,0.0,0.1,0.0,0.9,0.0,Eumetazoa,10,1,0.325082973391,1.89090909091,-0.505291005291,False
Q8I8A0,0.0,0.0,0.0,0.5714285714289999,0.428571428571,0.0,0.0,Eukaryota,7,0,0.6829081047,1.52380952381,0.138888888889,False
Q8MNY2,0.1,0.0,0.1,0.8,0.0,0.0,0.0,Eukaryota,10,0,0.6390318596500001,0.711111111111,-0.261904761905,True
Q8MTB4,0.0769230769231,0.0,0.615384615385,0.307692307692,0.0,0.0,0.0,Euk+Bac,13,0,0.8587409130060001,1.20512820513,-0.031746031746,False
Q8MZK8,0.1,0.1,0.0,0.0,0.0,0.8,0.0,Eumetazoa,10,1,0.6390318596500001,3.49090909091,0.164021164021,False
Q8T6T3,0.0,0.166666666667,0.0,0.833333333333,0.0,0.0,0.0,Eukaryota,6,2,0.45056120886600004,1.21428571429,0.20833333333299997,False
Q8T9N5,0.33333333333299997,0.166666666667,0.0,0.5,0.0,0.0,0.0,Eukaryota,12,1,1.0114042647100001,1.51282051282,-0.0277777777778,True
Q95PM1,0.08333333333330001,0.0,0.08333333333330001,0.75,0.08333333333330001,0.0,0.0,Eukaryota,12,0,0.836988216786,1.51515151515,0.5456221198160001,False
Q95W35,0.222222222222,0.666666666667,0.0,0.111111111111,0.0,0.0,0.0,Euk_Archaea,9,1,0.848685557726,0.555555555556,-0.23809523809500002,False
Q95W36,0.0,0.0,0.0,0.9,0.0,0.1,0.0,Eukaryota,10,0,0.325082973391,1.46666666667,0.607142857143,False
Q9GQN9,0.0,0.0,0.0,0.0,0.0,1.0,0.0,Eumetazoa,12,1,-0.0,0.282051282051,0.111111111111,False
Q9NGC4,0.0,0.0,0.0,0.8,0.0,0.2,0.0,Eukaryota,10,0,0.500402423538,1.42222222222,-0.52380952381,False
Q9U491,0.0,0.0,0.0,1.0,0.0,0.0,0.0,Eukaryota,10,0,-0.0,0.0,0.0,False
Q9Y0D3,0.33333333333299997,0.111111111111,0.444444444444,0.111111111111,0.0,0.0,0.0,Euk+Bac,9,0,1.21488965395,0.833333333333,1.0,True
